{
  "spline_mode": "HermiteBezier",
  "control_points": [
    {
      "val": [
        0.44006798,
        0.25294533,
        0.51369846
      ]
    },
    {
      "val": [
        0.60438305,
        0.29780823,
        0.64286494
      ]
    },
    {
      "val": [
        0.7229455,
        0.51780856,
        0.7720314
      ]
    },
    {
      "val": [
        0.8383564,
        0.7974316,
        0.90119785
      ]
    }
  ]
}